Date,Last Price,Volume,SMAVG (15)
2024-10-25,279.6,340939,943983.0
2024-10-24,279.8,1072961,984051.0
2024-10-23,277.2,1217847,974103.0
2024-10-22,272.2,972925,975280.0
2024-10-21,272.9,726336,996665.0
2024-10-18,273.3,956441,1035168.0
2024-10-17,271.6,870440,1042843.0
2024-10-16,269.6,799870,1066968.0
2024-10-15,271.3,1073388,1061572.0
2024-10-14,269.6,753293,1041454.0
2024-10-11,268.4,847932,1053643.0
2024-10-10,266.1,1082015,1129734.0
2024-10-09,265.7,705514,1102749.0
2024-10-08,263.4,1541801,1122001.0
2024-10-07,260.1,1198036,1144891.0
2024-10-04,258.5,941973,1122953.0
2024-10-03,261.2,923739,1131407.0
2024-10-02,265.6,1235492,1245320.0
2024-10-01,265.0,1293711,1232943.0
2024-09-30,270.6,1303874,1229208.0
2024-09-27,272.2,1071560,1267412.0
2024-09-26,270.6,1232314,1265193.0
2024-09-25,271.5,718934,1285485.0
2024-09-24,270.1,771618,1376316.0
2024-09-23,268.8,936135,1418492.0
2024-09-20,269.2,1989291,1422475.0
2024-09-19,267.5,677244,1385863.0
2024-09-18,268.4,994291,1430483.0
2024-09-17,266.2,1885146,1424638.0
2024-09-16,264.1,868975,1350199.0
2024-09-13,265.6,1068774,1329391.0
2024-09-12,263.0,2632434,1301474.0
2024-09-11,268.8,1049849,1163521.0
2024-09-10,268.9,1237679,1144715.0
2024-09-09,267.2,1876936,1121223.0
2024-09-06,274.2,1038279,1050169.0
2024-09-05,276.2,1536696,1039286.0
2024-09-04,279.2,2081391,988936.0
2024-09-03,281.6,1404260,911844.0
2024-09-02,287.7,995878,873687.0
2024-08-30,287.2,1440113,841556.0
2024-08-29,285.4,1346540,790355.0
2024-08-28,282.2,906617,759159.0
2024-08-27,282.0,768562,778932.0
2024-08-26,285.0,556853,833988.0
2024-08-23,283.2,650023,946769.0
2024-08-22,282.9,563136,1002424.0
2024-08-21,283.2,767763,1048165.0
2024-08-20,284.0,885298,1045877.0
2024-08-19,283.2,811118,1053195.0
2024-08-16,281.3,875039,1110861.0
2024-08-15,281.7,781447,1175997.0
2024-08-14,281.0,925012,1194268.0
2024-08-13,279.4,831912,1213789.0
2024-08-12,277.8,513905,1243022.0
2024-08-09,277.1,672103,1321781.0
2024-08-08,275.6,878601,1384750.0
2024-08-07,274.2,1203205,1511651.0
2024-08-06,266.5,1594412,1489287.0
2024-08-05,270.0,2248556,1471191.0
2024-08-02,281.1,1484858,1371699.0
2024-07-31,285.8,1249240,1335456.0
2024-07-30,285.5,733452,1304718.0
2024-07-29,285.4,995065,1317123.0
2024-07-26,286.0,1676102,1303668.0
2024-07-25,277.5,1852081,1242238.0
2024-07-24,273.5,1055517,1189305.0
2024-07-23,273.3,1217820,1180383.0
2024-07-22,280.1,1270413,1155489.0
2024-07-19,278.3,1695286,1122297.0
2024-07-18,278.4,1616646,1076433.0
2024-07-17,274.0,2782116,1025793.0
2024-07-16,258.9,867734,915184.0
2024-07-15,258.7,1322974,919001.0
2024-07-12,254.8,756177,894688.0
2024-07-11,252.1,941213,1066282.0
2024-07-10,249.0,788169,1088290.0
2024-07-09,244.6,919533,1109053.0
2024-07-08,243.7,793240,1108238.0
2024-07-05,243.3,754651,1127635.0
2024-07-04,243.4,1058088,1153870.0
2024-07-03,246.0,921686,1155752.0
2024-07-02,248.5,844412,1160787.0
2024-07-01,250.1,772527,1169990.0
2024-06-28,249.5,1007328,1196165.0
2024-06-27,250.4,857051,1228115.0
2024-06-26,249.6,1122982,1231491.0
2024-06-25,253.4,924991,1224789.0
2024-06-24,255.4,958270,1227143.0
2024-06-21,252.8,3330089,1217828.0
2024-06-20,250.0,1271333,1154364.0
2024-06-19,249.8,1099617,1136712.0
2024-06-18,247.9,907299,1135383.0
2024-06-17,245.5,1084206,1141432.0
2024-06-14,247.6,1148170,1104895.0
2024-06-13,245.8,1086313,1093921.0
2024-06-12,243.5,997213,1102424.0
2024-06-11,241.6,982460,1135290.0
2024-06-10,239.7,1165148,1189746.0
2024-06-07,242.6,1486576,1234392.0
2024-06-06,238.1,907691,1291095.0
2024-06-05,236.1,1022456,1320559.0
2024-06-04,234.2,960303,1356054.0
2024-06-03,232.1,818545,1370747.0
2024-05-31,231.0,2378136,1400868.0
2024-05-30,228.3,1006547,1319334.0
2024-05-29,229.6,1079684,1311475.0
2024-05-28,228.8,998027,1294277.0
2024-05-27,229.9,536158,1338153.0
2024-05-24,230.4,983551,1444148.0
2024-05-23,232.1,1213863,1472576.0
2024-05-22,231.9,1490205,1455057.0
2024-05-21,234.4,1799293,1426667.0
2024-05-17,237.1,1834843,1412465.0
2024-05-16,234.8,2337125,1430371.0
2024-05-15,227.5,1349652,1399106.0
2024-05-14,224.6,1554870,1425652.0
2024-05-13,227.8,1180708,1409035.0
2024-05-10,225.1,1270363,1401543.0
2024-05-08,222.3,1155124,1386785.0
2024-05-07,221.3,888655,1385221.0
2024-05-06,218.5,821713,1374332.0
2024-05-03,217.3,1656169,1396856.0
2024-05-02,214.1,2126085,1372780.0
2024-04-30,220.6,1409968,1298363.0
2024-04-29,221.2,951077,1300892.0
2024-04-26,221.0,1064362,1326227.0
2024-04-25,218.8,1586267,1356140.0
2024-04-24,222.2,2103429,1326917.0
2024-04-23,229.7,1868151,1272719.0
2024-04-22,225.8,1747831,1219499.0
2024-04-19,222.1,1305622,1193740.0
2024-04-18,220.0,1068322,1174781.0
2024-04-17,220.1,1048992,1164780.0
2024-04-16,221.5,1131666,1141944.0
2024-04-15,225.1,725319,1140964.0
2024-04-12,225.0,1159575,1244618.0
2024-04-11,226.1,1295033,1226909.0
2024-04-10,224.4,1009832,1216277.0
2024-04-09,221.8,1447904,1208663.0
2024-04-08,219.8,1331099,1386481.0
2024-04-05,219.5,1513062,1408051.0
2024-04-04,224.9,1147911,1429572.0
2024-04-03,226.4,1290465,1476711.0
2024-04-02,227.1,1069854,1487292.0
2024-03-28,229.7,1361437,1492142.0
2024-03-27,226.75,1021246,1491603.0
2024-03-26,227.2,918311,1482696.0
2024-03-25,225.5,706443,1516218.0
2024-03-22,225.3,1116961,1539758.0
2024-03-21,225.05,2280129,1537114.0
2024-03-20,230.95,893947,1486804.0
2024-03-19,229.05,1135547,1495022.0
2024-03-18,229.6,895625,1503371.0
2024-03-15,230.8,4115182,1515482.0
2024-03-14,232.4,1654639,1311012.0
2024-03-13,241.0,1835875,1300037.0
2024-03-12,244.75,1855008,1238745.0
2024-03-11,242.0,1449171,1164710.0
2024-03-08,238.2,1142615,1126002.0
2024-03-07,237.9,1353340,1129341.0
2024-03-06,235.9,887649,1113733.0
2024-03-05,234.7,1421131,1129954.0
2024-03-04,233.55,1059546,1122333.0
2024-03-01,233.2,1077305,1120053.0
2024-02-29,231.95,1525481,1122042.0
2024-02-28,231.0,1017219,1099668.0
2024-02-27,231.95,1260777,1144780.0
2024-02-26,229.15,1077297,1163504.0
2024-02-23,232.4,1048121,1195282.0
2024-02-22,228.85,1490019,1206956.0
2024-02-21,230.85,916498,1290180.0
2024-02-20,232.2,744474,1310508.0
2024-02-19,232.0,868550,1307645.0
2024-02-16,228.2,1192703,1291306.0
2024-02-15,226.95,1119228,1284250.0
2024-02-14,227.2,1130965,1273463.0
2024-02-13,228.5,1306809,1258340.0
2024-02-12,227.5,1025346,1239365.0
2024-02-09,224.9,1107141,1235042.0
2024-02-08,224.9,1189873,1243490.0
2024-02-07,228.2,1693893,1233492.0
2024-02-06,230.55,1541649,1177833.0
2024-02-05,230.5,1553958,1133924.0
2024-02-02,234.1,1223240,1072905.0
2024-02-01,233.5,2738371,1046959.0
2024-01-31,247.1,1221419,923237.0
2024-01-30,246.7,701527,912565.0
2024-01-29,246.75,623471,925300.0
2024-01-26,247.45,1086852,928988.0
2024-01-25,242.0,957434,912522.0
2024-01-24,245.15,904113,918114.0
2024-01-23,243.75,1022187,966016.0
2024-01-22,247.8,960494,934685.0
2024-01-19,244.1,1233870,912994.0
2024-01-18,245.95,1039901,863894.0
2024-01-17,247.25,859005,833235.0
2024-01-16,250.1,883020,830984.0
2024-01-15,250.85,638666,820988.0
2024-01-12,252.5,834050,839749.0
2024-01-11,250.6,882541,847055.0
2024-01-10,253.9,1061341,978154.0
2024-01-09,252.25,892555,1014645.0
2024-01-08,251.45,678793,1050635.0
2024-01-05,251.3,839866,1097709.0
2024-01-04,254.35,1041307,1111977.0
2024-01-03,251.85,1622646,1107043.0
2023-12-29,244.5,552223,1070099.0
2023-12-28,242.45,635126,1110565.0
2023-12-27,243.7,497373,1178016.0
2023-12-22,244.3,580008,1235065.0
2023-12-21,245.0,825247,1261860.0
2023-12-20,243.5,733083,1521725.0
2023-12-19,244.05,920075,1531828.0
2023-12-18,245.2,943634,1546791.0
2023-12-15,244.35,2849031,1548288.0
2023-12-14,245.9,1608713,1403228.0
2023-12-13,252.65,1432398,1340656.0
2023-12-12,253.7,1384904,1300887.0
2023-12-11,254.3,1053891,1256730.0
2023-12-08,253.3,967288,1254496.0
2023-12-07,249.45,1068491,1285479.0
2023-12-06,249.95,1159206,1270118.0
2023-12-05,250.95,1646898,1257219.0
2023-12-04,246.3,1353106,1213518.0
2023-12-01,239.6,981928,1181791.0
2023-11-30,236.05,4723224,1194288.0
2023-11-29,236.4,884638,941850.0
2023-11-28,235.9,1144521,950211.0
2023-11-27,236.9,966078,932730.0
2023-11-24,238.7,673140,921010.0
2023-11-23,238.35,670129,946722.0
2023-11-22,236.6,835857,972563.0
2023-11-21,237.6,722551,1024629.0
2023-11-20,237.15,1020390,1107912.0
2023-11-17,237.6,1432027,1164554.0
2023-11-16,236.85,838077,1143830.0
2023-11-15,238.0,965715,1140805.0
2023-11-14,239.6,991389,1140870.0
2023-11-13,238.75,877204,1140766.0
2023-11-10,236.75,1169377,1141331.0
2023-11-09,238.1,936664,1186857.0
2023-11-08,238.15,1010051,1282180.0
2023-11-07,236.4,882305,1279290.0
2023-11-06,237.15,790280,1316642.0
2023-11-03,237.25,1058811,1341515.0
2023-11-02,238.15,1057744,1349172.0
2023-11-01,237.7,1616847,1338244.0
2023-10-31,233.85,1971794,1302461.0
2023-10-30,241.3,1870028,1244821.0
2023-10-27,237.75,1121156,1199945.0
2023-10-26,237.25,792707,1179085.0
2023-10-25,237.55,966688,1206784.0
2023-10-24,237.2,989837,1229609.0
2023-10-23,237.55,885670,1226869.0
2023-10-20,239.0,1852266,1246844.0
2023-10-19,238.45,2366509,1215550.0
2023-10-18,249.45,966711,1123765.0
2023-10-17,252.5,1442575,1146308.0
2023-10-16,252.15,1163374,1123237.0
2023-10-13,255.05,1173672,1106854.0
2023-10-12,252.7,893821,1088742.0
2023-10-11,254.05,1080099,1110545.0
2023-10-10,252.65,1107206,1091821.0
2023-10-09,250.85,1196879,1065403.0
2023-10-06,248.1,808260,1044113.0
2023-10-05,246.7,1208189,1165317.0
2023-10-04,243.95,1309061,1132893.0
2023-10-03,246.35,948745,1102870.0
2023-10-02,248.05,1185292,1099395.0
2023-09-29,250.45,1382854,1073719.0
2023-09-28,249.7,989738,1050121.0
2023-09-27,252.0,1304850,1065495.0
2023-09-26,249.1,1096510,1036115.0
2023-09-25,249.55,917631,1026708.0
2023-09-22,249.4,901994,1010763.0
2023-09-21,251.05,1220859,984233.0
2023-09-20,256.1,799240,1008643.0
2023-09-19,257.05,710941,1005144.0
2023-09-18,257.95,877532,1016271.0
2023-09-15,261.35,2626314,991105.0
2023-09-14,259.55,721837,856911.0
2023-09-13,256.6,858709,866635.0
2023-09-12,254.65,896625,938499.0
2023-09-11,253.9,800151,941110.0
2023-09-08,256.7,1028889,938759.0
2023-09-07,256.65,1220335,945354.0
2023-09-06,252.4,864158,918335.0
2023-09-05,253.9,955399,905098.0
2023-09-04,257.65,678457,881372.0
2023-09-01,259.45,504042,875897.0
2023-08-31,260.3,1587018,882751.0
2023-08-30,261.8,746746,821162.0
2023-08-29,261.05,877855,815304.0
2023-08-28,259.15,500040,800280.0
2023-08-25,259.2,613403,806826.0
2023-08-24,260.15,867702,809705.0
2023-08-23,262.55,1936664,802946.0
2023-08-22,253.05,935797,734810.0
2023-08-21,254.3,764877,712503.0
2023-08-18,255.05,1127816,706960.0
2023-08-17,257.95,815048,706390.0
2023-08-16,260.6,665613,701394.0
2023-08-15,262.25,599502,689964.0
2023-08-14,264.85,596337,686388.0
2023-08-11,265.15,606854,687337.0
2023-08-10,266.9,663179,689687.0
2023-08-09,265.6,658870,690269.0
2023-08-08,266.45,652495,685360.0
2023-08-07,264.85,598233,677383.0
2023-08-04,265.05,656588,705319.0
2023-08-03,266.95,766317,705136.0
2023-08-02,269.8,914631,712146.0
2023-07-31,270.6,601186,693984.0
2023-07-28,269.4,681726,692202.0
2023-07-27,272.45,1119272,719731.0
2023-07-26,271.0,740100,706481.0
2023-07-25,273.15,494163,706340.0
2023-07-24,273.5,545867,725257.0
2023-07-21,274.6,610576,739757.0
2023-07-20,273.8,642098,797492.0
2023-07-19,271.15,671917,795714.0
2023-07-18,269.3,585236,822575.0
2023-07-17,268.2,532839,830183.0
2023-07-14,271.2,1017276,842520.0
2023-07-13,267.6,653834,832785.0
2023-07-12,265.95,871467,832436.0
2023-07-11,264.85,642201,852545.0
2023-07-10,265.25,574451,875706.0
2023-07-07,265.2,1094670,884229.0
2023-07-06,270.7,920526,1003263.0
2023-07-05,276.8,737986,1003165.0
2023-07-04,274.75,777911,1060222.0
2023-07-03,273.45,763374,1063141.0
2023-06-30,273.5,1476594,1080475.0
2023-06-29,273.2,615429,1031452.0
2023-06-28,274.75,1074827,1053800.0
2023-06-27,270.65,699353,1051342.0
2023-06-26,273.0,717897,1056183.0
2023-06-23,276.5,871258,1086276.0
2023-06-22,274.85,648594,1088844.0
2023-06-21,273.85,1173100,1140668.0
2023-06-20,275.6,989617,1358730.0
2023-06-19,276.15,702298,1374443.0
2023-06-16,279.85,2880187,1413463.0
2023-06-15,275.5,919054,1281444.0
2023-06-14,274.55,1593841,1304107.0
2023-06-13,280.3,821692,1255008.0
2023-06-12,280.05,1023376,1254304.0
2023-06-09,282.1,741262,1277318.0
2023-06-08,283.95,950641,1292139.0
2023-06-07,287.85,1037953,1285207.0
2023-06-06,292.15,771981,1256217.0
2023-06-05,291.45,1169289,1248432.0
2023-06-02,292.8,909776,1223919.0
2023-06-01,289.75,1425956,1222373.0
2023-05-31,288.2,4444022,1191806.0
2023-05-30,287.9,1225311,934963.0
2023-05-26,290.7,1287598,894401.0
2023-05-25,287.5,899910,858817.0
2023-05-24,288.8,1258996,865196.0
2023-05-23,286.55,857350,839235.0
2023-05-22,286.4,811140,863070.0
2023-05-19,288.25,1368589,871358.0
2023-05-17,283.4,963566,881359.0
2023-05-16,282.3,846667,881085.0
2023-05-15,284.25,603107,876163.0
2023-05-12,284.75,655201,930339.0
2023-05-11,282.45,801592,962039.0
2023-05-10,280.2,886595,984404.0
2023-05-09,283.6,967443,989574.0
2023-05-08,284.1,591380,999454.0
2023-05-05,283.7,616880,1014633.0
2023-05-04,282.0,753837,1030093.0
2023-05-03,281.1,995604,1069854.0
2023-05-02,280.65,869572,1081192.0
2023-04-28,280.35,1214879,1137565.0
2023-04-27,276.2,935465,1171243.0
2023-04-26,274.65,1518595,1162610.0
2023-04-25,281.9,959462,1131530.0
2023-04-24,280.75,772826,1159085.0
2023-04-21,281.05,1415756,1178693.0
2023-04-20,277.6,1130705,1183740.0
2023-04-19,275.2,1137066,1182564.0
2023-04-18,276.35,964141,1201573.0
2023-04-17,277.95,1115635,1204604.0
2023-04-14,277.0,819070,1215274.0
2023-04-13,276.55,848788,1235134.0
2023-04-12,275.4,1350248,1277490.0
2023-04-11,273.65,1165669,1304861.0
2023-04-06,274.5,1715176,1642473.0
2023-04-05,267.3,1720042,1687174.0
2023-04-04,260.8,805976,1672885.0
2023-04-03,260.3,1052387,1705366.0
2023-03-31,260.95,1372796,1734363.0
2023-03-30,260.65,1066936,1727602.0
2023-03-29,258.85,1491462,1731324.0
2023-03-28,256.95,1113073,1719028.0
2023-03-27,256.9,1422193,1727491.0
2023-03-24,258.4,1009608,1700329.0
2023-03-23,258.35,1275688,1680946.0
2023-03-22,260.95,1116962,1667463.0
2023-03-21,262.7,1484131,1676280.0
2023-03-20,261.45,1760810,1719383.0
2023-03-17,261.75,6229851,1678028.0
2023-03-16,261.3,2385698,1342763.0
2023-03-15,265.35,1505700,1247859.0
2023-03-14,265.45,1293193,1219496.0
2023-03-13,264.25,1487342,1194822.0
2023-03-10,263.65,1271386,1145434.0
2023-03-09,264.1,1122764,1159425.0
2023-03-08,265.75,1307014,1168836.0
2023-03-07,267.5,1240020,1140585.0
2023-03-06,270.7,1014761,1140164.0
2023-03-03,273.85,718866,1125991.0
2023-03-02,273.9,1073445,1181302.0
2023-03-01,271.1,1249218,1176637.0
2023-02-28,271.8,2130670,1185978.0
2023-02-27,274.05,1140493,1140027.0
2023-02-24,275.75,1200871,1138228.0
2023-02-23,279.5,962148,1172304.0
2023-02-22,281.7,1080255,1260588.0
2023-02-21,281.9,923077,1303398.0
2023-02-20,280.05,746520,1340407.0
2023-02-17,279.2,1481257,1368247.0
2023-02-16,275.3,1263930,1338653.0
2023-02-15,277.1,883249,1351350.0
2023-02-14,278.4,1233703,1367722.0
2023-02-13,279.2,802165,1340422.0
2023-02-10,280.15,1548522,1343938.0
2023-02-09,284.6,1003474,1310058.0
2023-02-08,286.75,1389330,1322404.0
2023-02-07,284.5,1441405,1285114.0
2023-02-06,283.9,1113517,1235822.0
2023-02-03,282.35,1712013,1227494.0
2023-02-02,273.85,2286403,1194870.0
2023-02-01,279.4,1722401,1114533.0
2023-01-31,285.25,1478214,1130743.0
2023-01-30,288.2,1164126,1093778.0
2023-01-27,289.35,1037335,1089342.0
2023-01-26,289.0,1454391,1080977.0
2023-01-25,293.6,1128836,1052347.0
2023-01-24,295.4,824197,1049833.0
2023-01-23,295.45,854907,1058522.0
2023-01-20,294.3,1040314,1045418.0
2023-01-19,294.45,1188663,1017836.0
2023-01-18,295.9,829993,982670.0
2023-01-17,294.5,702026,955749.0
2023-01-16,294.6,988584,946215.0
2023-01-13,291.7,1222662,946183.0
2023-01-12,288.95,1081340,933985.0
2023-01-11,289.8,1965562,947006.0
2023-01-10,292.55,923726,871879.0
2023-01-09,291.4,1097600,1039244.0
2023-01-06,293.6,911855,1053161.0
2023-01-05,290.9,1024932,1060501.0
2023-01-04,297.8,1091139,1063881.0
2023-01-03,293.8,954521,1071154.0
2022-12-30,290.5,658353,1106449.0
2022-12-29,292.85,626577,1126150.0
2022-12-28,292.55,661184,1198859.0
2022-12-27,294.1,426180,1211247.0
2022-12-23,295.2,559009,1255202.0
2022-12-22,294.9,988100,1279259.0
2022-12-21,297.9,1039701,1278591.0
2022-12-20,296.15,1276644,1384128.0
2022-12-19,300.3,838658,1365329.0
2022-12-16,301.35,3434208,1372566.0
2022-12-15,302.45,1306350,1212019.0
2022-12-14,307.55,1021953,1199529.0
2022-12-13,307.25,1075636,1235507.0
2022-12-12,303.0,1200232,1231658.0
2022-12-09,304.6,1483943,1207985.0
2022-12-08,302.95,953875,1195852.0
2022-12-07,301.2,1717205,1203067.0
2022-12-06,305.2,847007,1186893.0
2022-12-05,309.55,1085507,1237623.0
2022-12-02,308.25,919861,1301688.0
2022-12-01,310.0,978083,1321836.0
2022-11-30,307.8,2622759,1311755.0
2022-11-29,309.25,994663,1199028.0
2022-11-28,312.4,947205,1180345.0
2022-11-25,311.4,1026004,1162559.0
2022-11-24,308.55,1119004,1164161.0
2022-11-23,307.35,1561619,1138407.0
2022-11-22,304.7,1017895,1093571.0
2022-11-21,307.35,845139,1074105.0
2022-11-18,308.0,1301956,1088611.0
2022-11-17,306.8,1062100,1040355.0
2022-11-16,312.15,1474588,1021065.0
2022-11-15,314.75,1607962,968478.0
2022-11-14,312.65,2046474,914977.0
2022-11-11,325.6,1222091,828316.0
2022-11-10,330.5,826864,811139.0
2022-11-09,327.8,931852,813387.0
2022-11-08,324.2,714426,805782.0
2022-11-07,324.05,680415,821938.0
2022-11-04,326.4,1050032,846768.0
2022-11-03,331.9,732689,841715.0
2022-11-02,333.75,889079,849989.0
2022-11-01,329.5,725907,859288.0
2022-10-31,332.55,1062724,858833.0
2022-10-28,331.7,578122,844351.0
2022-10-27,325.45,772748,843016.0
2022-10-26,330.6,685786,835388.0
2022-10-25,331.5,805445,844179.0
2022-10-24,327.15,746560,878268.0
2022-10-21,324.4,964430,878771.0
2022-10-20,322.5,860588,891992.0
2022-10-19,326.0,817784,926421.0
2022-10-18,328.55,956759,1055828.0
2022-10-17,329.65,1052865,1085544.0
2022-10-14,326.4,974238,1118682.0
2022-10-13,322.4,856797,1124601.0
2022-10-12,322.15,1028563,1129075.0
2022-10-11,322.6,719088,1126822.0
2022-10-10,320.9,845486,1140171.0
2022-10-07,324.5,558104,1125886.0
2022-10-06,325.55,658333,1312161.0
2022-10-05,328.0,817639,1337473.0
2022-10-04,332.75,1316785,1363105.0
2022-10-03,322.1,754112,1345345.0
2022-09-30,323.45,1162746,1357205.0
2022-09-29,320.25,1377013,1336599.0
2022-09-28,325.45,2758897,1304703.0
2022-09-27,312.6,1402491,1172789.0
2022-09-26,305.9,1549930,1129281.0
2022-09-23,309.3,1063027,1063525.0
2022-09-22,311.6,923915,1041951.0
2022-09-21,313.85,994764,1030986.0
2022-09-20,317.0,919326,1045606.0
2022-09-19,321.9,631208,1033218.0
2022-09-16,326.3,3352235,1029445.0
2022-09-15,327.8,1038005,843878.0
2022-09-14,322.0,1202117,808155.0
2022-09-13,323.25,1050386,762742.0
2022-09-12,322.65,932021,741926.0
2022-09-09,324.25,853643,726408.0
2022-09-08,323.85,898578,736005.0
2022-09-07,323.5,780184,726592.0
2022-09-06,323.55,749869,723921.0
2022-09-05,319.2,563593,730432.0
2022-09-02,318.7,739423,726468.0
2022-09-01,312.8,759433,735385.0
2022-08-31,315.4,1214064,779184.0
2022-08-30,316.4,733514,739558.0
2022-08-29,314.4,574613,735259.0
2022-08-26,316.75,568734,729304.0
2022-08-25,319.45,502160,733683.0
2022-08-24,317.65,520919,777696.0
2022-08-23,316.75,738147,801329.0
2022-08-22,324.0,699246,820834.0
2022-08-19,323.35,997591,881885.0
2022-08-18,319.95,757387,876082.0
2022-08-17,316.65,740115,878684.0
2022-08-16,315.65,847546,880669.0
2022-08-15,317.9,504125,866959.0
2022-08-12,315.0,873186,883931.0
2022-08-11,310.15,1416416,890217.0
2022-08-10,316.95,619670,837268.0
2022-08-09,318.35,669024,848871.0
2022-08-08,315.85,485297,854249.0
2022-08-05,316.7,634416,891295.0
2022-08-04,316.75,1162348,891784.0
2022-08-03,319.9,875427,859463.0
2022-08-02,317.7,1030722,855224.0
2022-07-29,315.4,1615008,835036.0
2022-07-28,324.25,910537,796685.0
2022-07-27,325.55,796424,791943.0
2022-07-26,332.0,769890,791560.0
2022-07-25,327.9,641890,797953.0
2022-07-22,325.2,758704,785265.0
2022-07-21,326.6,967475,781290.0
2022-07-20,328.25,622192,794961.0
2022-07-19,330.35,793715,816265.0
2022-07-18,329.0,749683,835281.0
2022-07-15,331.85,1040995,845893.0
2022-07-14,323.7,641755,866921.0
2022-07-13,325.2,677525,878975.0
2022-07-12,328.4,811841,916356.0
2022-07-11,326.45,727899,929840.0
2022-07-08,321.9,1039749,919091.0
2022-07-07,324.75,839415,1099286.0
2022-07-06,323.35,790672,1124092.0
2022-07-05,319.0,865781,1141827.0
2022-07-04,322.6,451574,1158140.0
2022-07-01,320.4,699077,1197068.0
2022-06-30,318.55,1172539,1217687.0
2022-06-29,319.65,941755,1217909.0
2022-06-28,317.55,1078951,1243811.0
2022-06-27,322.55,908870,1249199.0
2022-06-24,318.8,1356408,1242650.0
2022-06-23,306.3,822574,1194294.0
2022-06-22,305.85,1238236,1201506.0
2022-06-21,301.35,1014097,1237046.0
2022-06-20,304.5,566660,1223645.0
2022-06-17,303.35,3742682,1257102.0
2022-06-16,303.5,1211499,1076976.0
2022-06-15,307.75,1056708,1091379.0
2022-06-14,305.75,1110463,1098585.0
2022-06-13,309.25,1035495,1111647.0
2022-06-10,313.95,1008364,1123532.0
2022-06-09,318.05,1175877,1127828.0
2022-06-08,319.45,1330282,1129273.0
2022-06-07,318.4,1159762,1148347.0
2022-06-03,320.7,810636,1186938.0
2022-06-02,323.35,631069,1271778.0
2022-06-01,322.7,930765,1453404.0
2022-05-31,326.4,1771325,1476579.0
2022-05-30,330.7,813090,1449094.0
2022-05-27,329.8,1068519,1464077.0
2022-05-25,333.0,1040792,1449921.0
2022-05-24,331.45,1427540,1453047.0
2022-05-23,324.5,1164791,1432367.0
2022-05-20,319.7,1306401,1408105.0
2022-05-19,316.9,1213762,1373404.0
2022-05-18,321.25,1072809,1340689.0
2022-05-17,322.35,1197547,1348810.0
2022-05-16,322.4,1616400,1411493.0
2022-05-13,319.0,1738618,1387418.0
2022-05-12,320.35,2083243,1343888.0
2022-05-11,328.0,3355460,1290754.0
2022-05-10,352.25,1278390,1121749.0
2022-05-09,346.0,1359054,1152177.0
2022-05-06,346.1,1037828,1121836.0
2022-05-05,347.7,856177,1103225.0
2022-05-04,348.0,1087684,1131027.0
2022-05-03,355.45,1117346,1134910.0
2022-05-02,356.8,800850,1159189.0
2022-04-29,362.4,785888,1197369.0
2022-04-28,361.6,723041,1252314.0
2022-04-27,364.25,1194630,1324601.0
2022-04-26,356.55,2137787,1336180.0
2022-04-25,364.3,1255273,1260380.0
2022-04-22,368.75,1085667,1271419.0
2022-04-21,366.3,1286229,1316979.0
2022-04-20,374.3,820386,1294260.0
2022-04-19,377.25,1734813,1294353.0
2022-04-14,391.1,903933,1236812.0
2022-04-13,390.8,758665,1268087.0
2022-04-12,389.3,1273209,1281735.0
2022-04-11,400.55,1145932,1263718.0
2022-04-08,398.25,1481537,1254804.0
2022-04-07,394.75,1373539,1411999.0
2022-04-06,390.65,1610067,1486591.0
2022-04-05,385.2,1807350,1485168.0
2022-04-04,382.75,1368319,1457172.0
2022-04-01,371.15,1000786,1453197.0
2022-03-31,366.45,1420845,1483849.0
2022-03-30,370.8,1769077,1480884.0
2022-03-29,372.75,945447,1483869.0
2022-03-28,373.75,821779,1576284.0
2022-03-25,374.7,871687,1645867.0
2022-03-24,372.6,1373061,1684874.0
2022-03-23,365.55,963385,1668363.0
2022-03-22,366.7,1002963,1698104.0
2022-03-21,367.15,1012218,1717228.0
2022-03-18,366.5,3839454,1764946.0
2022-03-17,359.7,2492426,1597374.0
2022-03-16,357.85,1588728,1537122.0
2022-03-15,360.2,1387410,1497031.0
2022-03-14,358.3,1308691,1534464.0
2022-03-11,351.95,1460564,1493180.0
2022-03-10,348.5,1376367,1485710.0
2022-03-09,353.95,1813854,1437808.0
2022-03-08,343.5,2331671,1360079.0
2022-03-07,340.0,1865532,1281803.0
2022-03-04,334.9,1456788,1235256.0
2022-03-03,340.75,1125393,1188221.0
2022-03-02,347.25,1409502,1163869.0
2022-03-01,351.1,1289825,1144809.0
2022-02-28,349.85,1727979,1126618.0
2022-02-25,349.4,1325873,1074082.0
2022-02-24,340.1,1588653,1063319.0
2022-02-23,344.1,987359,1090021.0
2022-02-22,345.1,1948913,1086689.0
2022-02-21,339.5,689421,1025414.0
2022-02-18,342.55,1348520,1052170.0
2022-02-17,345.0,657843,1046943.0
2022-02-16,349.3,647906,1076479.0
2022-02-15,347.8,1157540,1104967.0
2022-02-14,342.2,1167324,1105971.0
2022-02-11,348.75,751270,1124555.0
2022-02-10,355.4,760112,1171821.0
2022-02-09,355.9,1123595,1178799.0
2022-02-08,345.9,1016967,1170600.0
2022-02-07,344.8,939928,1163920.0
2022-02-04,345.25,1164432,1137553.0
2022-02-03,348.45,1989188,1127152.0
2022-02-02,357.1,937370,1070528.0
2022-02-01,359.55,1029799,1108576.0
2022-01-31,356.9,1090755,1129020.0
2022-01-28,355.45,1270119,1131219.0
2022-01-27,354.6,1100874,1110862.0
2022-01-26,349.1,1075237,1093408.0
2022-01-25,346.2,1172587,1085498.0
2022-01-24,344.75,1446085,1078939.0
2022-01-21,360.65,1460273,1037298.0
2022-01-20,365.1,864773,992081.0
2022-01-19,365.7,1000615,970339.0
2022-01-18,364.9,916771,932968.0
2022-01-17,367.35,544412,909387.0
2022-01-14,365.0,1008422,915416.0
2022-01-13,362.15,1139820,892223.0
2022-01-12,366.25,1508100,873004.0
2022-01-11,375.55,1336463,851355.0
2022-01-10,371.2,1123733,938878.0
2022-01-07,376.95,964768,975164.0
2022-01-06,371.65,839055,1022222.0
2022-01-05,374.65,956595,1035816.0
2022-01-04,371.3,1074192,1030359.0
2022-01-03,378.9,821479,1019769.0
2021-12-30,379.1,782018,1031131.0
2021-12-29,380.9,538646,1075105.0
2021-12-28,383.6,440042,1119147.0
2021-12-27,380.0,563057,1166524.0
2021-12-23,376.45,634845,1189392.0
2021-12-22,378.3,660533,1233086.0
2021-12-21,378.55,851531,1261575.0
2021-12-20,374.75,1183371,1343193.0
2021-12-17,378.9,2649304,1319622.0
2021-12-16,378.1,1668029,1217473.0
2021-12-15,371.3,1670632,1140176.0
2021-12-14,365.45,1042965,1102334.0
2021-12-13,375.3,874737,1116228.0
2021-12-10,377.0,915340,1110558.0
2021-12-09,374.1,991918,1122388.0
2021-12-08,372.9,1441624,1106979.0
2021-12-07,368.25,1199280,1056813.0
2021-12-06,367.55,1150697,1022699.0
2021-12-03,362.25,906077,985773.0
2021-12-02,363.45,1290257,972459.0
2021-12-01,365.8,1087857,932929.0
2021-11-30,359.65,2075808,904192.0
2021-11-29,357.5,829807,804102.0
2021-11-26,358.6,1117070,797668.0
2021-11-25,362.05,508571,797635.0
2021-11-24,361.25,1102996,868724.0
2021-11-23,357.2,1251377,845576.0
2021-11-22,366.6,789685,822707.0
2021-11-19,369.95,1092793,820149.0
2021-11-18,368.65,760781,805262.0
2021-11-17,370.8,689139,810562.0
2021-11-16,369.15,687573,815513.0
2021-11-15,369.0,596803,825980.0
2021-11-12,369.0,706363,828124.0
2021-11-11,370.35,697306,835327.0
2021-11-10,370.1,656806,855664.0
2021-11-09,367.15,574464,892384.0
2021-11-08,365.95,733299,943773.0
2021-11-05,364.3,1116576,948272.0
2021-11-04,370.3,1574905,933519.0
2021-11-03,368.5,755769,889782.0
2021-11-02,367.45,908349,887991.0
2021-11-01,358.7,751308,875497.0
2021-10-29,354.05,869491,877626.0
2021-10-28,356.8,840275,876877.0
2021-10-27,354.55,763412,888512.0
2021-10-26,357.95,844579,896175.0
2021-10-25,357.25,628961,899191.0
2021-10-22,355.8,814409,925277.0
2021-10-21,357.8,1002351,970323.0
2021-10-20,352.2,1207613,1012786.0
2021-10-19,357.95,1345298,1004695.0
2021-10-18,363.95,800777,976106.0
2021-10-15,360.25,895291,979630.0
2021-10-14,357.15,918843,969709.0
2021-10-13,357.1,728914,989806.0
2021-10-12,358.75,720932,1008932.0
2021-10-11,362.6,783247,1025274.0
2021-10-08,360.6,858255,1056718.0
2021-10-07,356.35,1014799,1157019.0
2021-10-06,349.5,878361,1164152.0
2021-10-05,346.45,889816,1203306.0
2021-10-04,349.5,1020245,1228341.0
2021-10-01,345.25,1490107,1217982.0
2021-09-30,341.95,1639288,1198962.0
2021-09-29,338.05,1086245,1180233.0
2021-09-28,332.6,916468,1185455.0
2021-09-27,337.55,853634,1183221.0
2021-09-24,340.4,746481,1175158.0
2021-09-23,342.6,1220301,1168127.0
2021-09-22,340.05,1015798,1162746.0
2021-09-21,339.35,966070,1174854.0
2021-09-20,341.5,1254904,1213989.0
2021-09-17,342.9,2362765,1157191.0
2021-09-16,345.15,1121792,1052967.0
2021-09-15,343.7,1465679,1031335.0
2021-09-14,346.2,1265344,970751.0
2021-09-13,341.65,864856,941440.0
2021-09-10,344.0,1204801,924621.0
2021-09-09,348.0,1358362,910415.0
2021-09-08,358.65,1164562,898986.0
2021-09-07,362.45,882962,884365.0
2021-09-06,367.6,732697,870555.0
2021-09-03,364.75,641004,858929.0
2021-09-02,365.5,1139599,852382.0
2021-09-01,366.75,1197413,834555.0
2021-08-31,367.75,1553101,818846.0
2021-08-30,365.8,402924,772180.0
2021-08-27,366.3,799407,809136.0
2021-08-26,365.75,797317,799528.0
2021-08-25,362.15,556922,797889.0
2021-08-24,366.4,825666,812332.0
2021-08-23,368.4,612584,807685.0
2021-08-20,368.4,991709,802151.0
2021-08-19,372.0,1186921,803552.0
2021-08-18,372.55,945249,767611.0
2021-08-17,370.0,675812,745386.0
2021-08-16,368.35,558307,751055.0
2021-08-13,367.95,542805,762630.0
2021-08-12,366.9,872186,792424.0
2021-08-11,367.4,961774,849828.0
2021-08-10,364.85,853115,837784.0
2021-08-09,362.35,957273,852263.0
2021-08-06,353.25,655282,852237.0
2021-08-05,358.15,772724,883560.0
2021-08-04,354.0,773568,885235.0
2021-08-03,352.75,755971,884095.0
2021-08-02,351.9,529571,882534.0
2021-07-30,350.35,1012715,895032.0
2021-07-29,347.6,647808,897222.0
2021-07-28,347.6,611875,923142.0
2021-07-27,344.55,760854,937985.0
2021-07-26,344.55,731927,943286.0
2021-07-23,347.3,989721,941944.0
2021-07-22,343.05,1733239,934097.0
2021-07-21,355.95,781118,909050.0
2021-07-20,354.55,1070303,950229.0
2021-07-19,356.95,956878,968389.0
2021-07-16,359.1,1125130,957385.0
2021-07-15,355.25,797847,936029.0
2021-07-14,355.5,756468,957145.0
2021-07-13,356.2,732558,984189.0
2021-07-12,356.3,717035,1012508.0
2021-07-09,353.1,1045576,1052020.0
2021-07-08,353.95,1036606,1261337.0
2021-07-07,355.95,834518,1286062.0
2021-07-06,353.5,840365,1323636.0
2021-07-05,350.35,711805,1350475.0
2021-07-02,349.55,872003,1380577.0
2021-07-01,350.15,1357541,1422461.0
2021-06-30,348.55,1398807,1445643.0
2021-06-29,348.8,1342704,1480585.0
2021-06-28,348.05,791817,1532107.0
2021-06-25,344.8,804781,1576815.0
2021-06-24,343.05,1114589,1597821.0
2021-06-23,340.5,1162131,1592899.0
2021-06-22,345.3,1157339,1581157.0
2021-06-21,349.15,1309723,1558914.0
2021-06-18,348.25,4185331,1513593.0
2021-06-17,348.4,1407481,1308318.0
2021-06-16,347.1,1398119,1355828.0
2021-06-15,343.65,1242949,1322038.0
2021-06-14,341.7,1163337,1318509.0
2021-06-11,342.0,1500263,1325578.0
2021-06-10,340.75,1705270,1288690.0
2021-06-09,340.15,1922946,1226306.0
2021-06-08,330.0,2115528,1161462.0
2021-06-07,327.6,1462444,1065840.0
2021-06-04,319.9,1119864,1032822.0
2021-06-03,315.95,1040766,1028241.0
2021-06-02,312.45,985996,1023358.0
2021-06-01,312.6,823685,1012749.0
2021-05-31,312.7,629922,1015356.0
2021-05-28,315.6,1106196,1036772.0
2021-05-27,313.15,2120127,1032900.0
2021-05-26,313.2,891277,966573.0
2021-05-25,312.3,1190014,963171.0
2021-05-21,310.8,1269377,969710.0
2021-05-20,308.0,946932,965510.0
2021-05-19,304.45,769511,988247.0
2021-05-18,306.45,950287,1007026.0
2021-05-17,304.7,681194,1012614.0
2021-05-14,303.45,967177,1048476.0
2021-05-12,301.05,1051154,1083577.0
2021-05-11,298.75,967527,1147162.0
2021-05-10,301.75,826857,1151814.0
2021-05-07,303.2,862791,1180845.0
2021-05-06,299.55,951163,1227920.0
2021-05-05,299.8,1048110,1238833.0
2021-05-04,297.15,1125229,1237821.0
2021-05-03,301.7,840243,1237715.0
2021-04-30,297.6,1288099,1242155.0
2021-04-29,299.85,1206371,1223953.0
2021-04-28,302.3,1287996,1219555.0
2021-04-27,305.25,1051192,1217217.0
2021-04-26,306.45,1034109,1212496.0
2021-04-23,309.45,1219116,1205397.0
2021-04-22,312.85,1493697,1213925.0
2021-04-21,317.15,2004934,1191235.0
2021-04-20,308.05,1037304,1130897.0
2021-04-19,310.3,1262318,1161854.0
2021-04-16,309.2,1568921,1164651.0
2021-04-15,309.5,1114848,1169165.0
2021-04-14,308.95,1032931,1211746.0
2021-04-13,306.05,1123645,1283449.0
2021-04-12,306.8,906838,1494288.0
2021-04-09,309.65,1015073,1576734.0
2021-04-08,307.15,1140403,1608120.0
2021-04-07,302.2,1252929,1626981.0
2021-04-06,305.3,980375,1624081.0
2021-04-01,305.4,927625,1613656.0
2021-03-31,305.45,1347037,1645788.0
2021-03-30,303.85,1153348,1659366.0
2021-03-29,304.5,1099858,1662185.0
2021-03-26,303.65,1501653,1661138.0
2021-03-25,305.6,1304273,1641642.0
2021-03-24,304.65,1636642,1652981.0
2021-03-23,309.35,1753557,1629192.0
2021-03-22,314.8,2108485,1601308.0
2021-03-19,308.2,4286225,1541305.0
2021-03-18,306.45,2143519,1398589.0
2021-03-17,311.0,1485871,1344226.0
2021-03-16,312.3,1423324,1326023.0
2021-03-15,310.8,1209425,1305048.0
2021-03-12,304.5,824000,1308404.0
2021-03-11,307.85,1409606,1401107.0
2021-03-10,312.85,1550710,1386118.0
2021-03-09,306.0,1195625,1392296.0
2021-03-08,303.15,1084150,1390536.0
2021-03-05,298.0,1209217,1362814.0
2021-03-04,303.95,1474359,1348686.0
2021-03-03,298.8,1279805,1333375.0
2021-03-02,301.65,1335292,1344643.0
2021-03-01,300.25,1208453,1331050.0
2021-02-26,297.95,2145474,1346195.0
2021-02-25,297.05,1328074,1311513.0
2021-02-24,302.55,1212834,1378855.0
2021-02-23,299.95,1108695,1402693.0
2021-02-22,302.85,1259770,1424156.0
2021-02-19,303.15,2214543,1426214.0
2021-02-18,306.6,1184766,1441119.0
2021-02-17,308.1,1643377,1458263.0
2021-02-16,311.75,1169229,1462594.0
2021-02-15,313.2,668323,1506126.0
2021-02-12,313.2,997296,1557782.0
2021-02-11,312.65,1244699,1576993.0
2021-02-10,310.7,1448812,1618606.0
2021-02-09,311.95,1131403,1640482.0
2021-02-08,308.3,1435630,1645014.0
2021-02-05,308.65,1625244,1626693.0
2021-02-04,316.25,2338198,1656529.0
2021-02-03,309.35,1570404,1611712.0
2021-02-02,311.55,1430649,1646308.0
2021-02-01,311.8,1290642,1857804.0
2021-01-29,307.15,2438108,2014135.0
2021-01-28,317.05,1441925,2098946.0
2021-01-27,320.2,1708348,2186791.0
2021-01-26,322.95,1822203,2231528.0
2021-01-25,320.8,1443174,2214504.0
2021-01-22,318.45,1285450,2226365.0
2021-01-21,316.75,1868894,2226853.0
2021-01-20,320.0,1776964,2181723.0
2021-01-19,318.2,1199375,2131294.0
2021-01-18,314.95,1160809,2127898.0
2021-01-15,316.65,2072791,2138065.0
2021-01-14,312.05,1665944,2125069.0
2021-01-13,312.0,2089350,2260691.0
2021-01-12,314.25,4603087,2233673.0
2021-01-11,312.85,3635605,2076996.0
2021-01-08,301.7,3710266,1957330.0
2021-01-07,297.65,2759606,1820849.0
2021-01-06,303.05,2379396,1716126.0
2021-01-05,306.0,1566848,1679324.0
2021-01-04,309.6,1621095,1692587.0
2020-12-30,309.0,1292760,1700081.0
2020-12-29,306.95,1191954,1713911.0
2020-12-28,304.9,1020524,1743236.0
2020-12-23,301.5,1148439,1815999.0
2020-12-22,304.1,1313315,1840783.0
2020-12-21,302.9,1877839,1874634.0
2020-12-18,309.95,3700275,1944374.0
2020-12-17,308.8,1684090,1817510.0
2020-12-16,308.0,2252928,1797446.0
2020-12-15,303.15,1840609,1819372.0
2020-12-14,304.25,1663058,1892884.0
2020-12-11,305.65,1188753,1919456.0
2020-12-10,305.9,1827370,1987878.0
2020-12-09,306.25,1765798,2008950.0
2020-12-08,304.5,1733498,2019318.0
2020-12-07,304.45,1500218,2032835.0
2020-12-04,302.25,1631830,2056975.0
2020-12-03,299.7,2111964,2051309.0
2020-12-02,302.65,1520196,2023621.0
2020-12-01,299.6,1821088,2076253.0
2020-11-30,299.05,2923927,2221939.0
2020-11-27,302.5,1797327,2252835.0
2020-11-26,303.1,1383131,2214814.0
2020-11-25,300.15,2581808,2253606.0
2020-11-24,300.55,2943300,2291478.0
2020-11-23,302.15,2061633,2195178.0
2020-11-20,304.7,2215075,2197218.0
2020-11-19,305.65,2143461,2165127.0
2020-11-18,308.6,1921313,2123338.0
2020-11-17,308.95,1936254,2118417.0
2020-11-16,313.0,1862314,2133835.0
2020-11-13,313.1,1546839,2093654.0
2020-11-12,315.0,1696653,2101318.0
2020-11-11,313.85,2309666,2130752.0
2020-11-10,305.25,4006385,2140333.0
2020-11-09,310.8,3387358,1981374.0
2020-11-06,320.7,1227016,1838930.0
2020-11-05,320.9,1965011,1876360.0
2020-11-04,323.1,3149890,1919461.0
2020-11-03,306.65,1498799,1822886.0
2020-11-02,303.35,2092231,1804477.0
2020-10-30,294.75,1733717,1735494.0
2020-10-29,293.9,1516627,1715807.0
2020-10-28,294.6,1847500,1746243.0
2020-10-27,300.75,2167521,1725632.0
2020-10-26,299.7,1259589,1698336.0
2020-10-23,297.4,1661804,1686499.0
2020-10-22,297.25,2138158,1677051.0
2020-10-21,299.15,2453385,1646607.0
2020-10-20,307.05,1621998,1620478.0
2020-10-19,311.45,1250702,1639078.0
2020-10-16,312.25,1788465,1656944.0
2020-10-15,308.4,2611532,1625187.0
2020-10-14,319.55,1701254,1552993.0
2020-10-13,320.4,1222667,1627539.0
2020-10-12,320.4,1057492,1650470.0
2020-10-09,320.8,1438404,1690348.0
2020-10-08,315.1,1973168,1875805.0
2020-10-07,313.45,1538346,1839198.0
2020-10-06,316.6,1758069,1847790.0
2020-10-05,318.8,1082033,1835289.0
2020-10-02,317.9,1520087,1849468.0
2020-10-01,315.2,1681506,1839282.0
2020-09-30,315.15,2061440,1819057.0
2020-09-29,320.2,1901010,1786149.0
2020-09-28,328.0,1518686,1748970.0
2020-09-25,330.95,1312103,1724334.0
2020-09-24,331.8,1528623,1743195.0
2020-09-23,334.3,2819447,1759919.0
2020-09-22,340.35,1566630,1721213.0
2020-09-21,338.0,1655672,1743103.0
2020-09-18,343.1,4220254,1773919.0
2020-09-17,336.9,1424065,1568567.0
2020-09-16,337.15,1667229,1550795.0
2020-09-15,335.45,1570543,1507891.0
2020-09-14,330.0,1294721,1478473.0
2020-09-11,329.35,1367304,1456402.0
2020-09-10,327.5,1378129,1453996.0
2020-09-09,329.1,1567818,1461566.0
2020-09-08,323.45,1343321,1458411.0
2020-09-07,322.25,1149146,1457002.0
2020-09-04,317.25,1595019,1461746.0
2020-09-03,320.05,1779481,1440953.0
2020-09-02,328.1,2238869,1389199.0
2020-09-01,318.0,1894976,1319780.0
2020-08-31,315.7,2117914,1299590.0
2020-08-28,313.5,1139963,1235321.0
2020-08-27,316.7,1157490,1237991.0
2020-08-26,321.8,1023663,1231050.0
2020-08-25,318.35,1129278,1221948.0
2020-08-24,321.6,963661,1228470.0
2020-08-21,320.35,1331211,1255819.0
2020-08-20,323.85,1491684,1291285.0
2020-08-19,322.6,1520481,1324463.0
2020-08-18,315.15,1322194,1326071.0
2020-08-17,315.1,1220312,1369473.0
2020-08-14,310.7,1283122,1395336.0
2020-08-13,315.4,1003165,1495114.0
2020-08-12,317.4,1197588,1624164.0
2020-08-11,312.9,1592124,1610123.0
2020-08-10,313.65,1153876,1583641.0
2020-08-07,314.2,1180009,1586257.0
2020-08-06,315.05,1053378,1576587.0
2020-08-05,317.25,887141,1592264.0
2020-08-04,321.1,1227103,1644634.0
2020-08-03,324.4,1373899,1645679.0
2020-07-31,316.1,1863191,1619924.0
2020-07-30,321.45,1989354,1564997.0
2020-07-29,328.55,1544605,1512291.0
2020-07-28,326.75,1973228,1464875.0
2020-07-27,320.65,1608253,1409448.0
2020-07-24,318.9,2779798,1384075.0
2020-07-23,328.1,2938913,1256615.0
2020-07-22,338.7,986968,1148797.0
2020-07-21,341.05,1194899,1165419.0
2020-07-20,342.8,1193120,1191471.0
2020-07-17,341.4,1034960,1194081.0
2020-07-16,339.75,1288530,1207991.0
2020-07-15,339.15,1672687,1234056.0
2020-07-14,331.55,1242774,1243530.0
2020-07-13,336.9,987581,1253579.0
2020-07-10,332.05,1039290,1265379.0
2020-07-09,332.95,1198762,1474196.0
2020-07-08,330.55,833368,1503896.0
2020-07-07,331.15,1141823,1577436.0
2020-07-06,332.45,1227657,1630371.0
2020-07-03,328.8,867890,1664165.0
2020-07-02,332.9,1321652,1760048.0
2020-07-01,332.8,1236295,1783021.0
2020-06-30,328.35,1585674,1827672.0
2020-06-29,331.45,1232265,1874154.0
2020-06-26,333.5,1243613,1933628.0
2020-06-25,337.4,1679506,1982093.0
2020-06-24,332.2,1814792,2064868.0
2020-06-23,341.0,1393509,2060771.0
2020-06-22,339.55,1164588,2135926.0
2020-06-19,343.3,4171543,2242858.0
2020-06-18,337.45,1644266,2123285.0
2020-06-17,339.55,1936468,2202364.0
2020-06-16,331.3,1935852,2196309.0
2020-06-15,327.8,1734566,2130554.0
2020-06-12,325.65,2306129,2124766.0
2020-06-11,325.5,1666246,2066700.0
2020-06-10,332.05,1906062,2058458.0
2020-06-09,333.2,2282908,2055293.0
2020-06-08,329.25,2124366,2052225.0
2020-06-05,332.15,1970589,2076062.0
2020-06-04,332.75,2921136,2067780.0
2020-06-03,339.1,1753331,1985155.0
2020-06-02,334.85,2520843,1948065.0
2020-05-29,332.7,2768563,1855132.0
2020-05-28,341.25,2377945,1802657.0
2020-05-27,332.1,2830454,1744906.0
2020-05-26,344.25,1845643,1648029.0
2020-05-25,349.0,949530,1721561.0
2020-05-22,346.9,1647737,1852918.0
2020-05-20,347.6,1435148,1913477.0
2020-05-19,348.25,1542614,1968886.0
2020-05-18,351.55,1858592,1969687.0
2020-05-15,354.05,2236890,2014885.0
2020-05-14,347.8,2481921,2040047.0
2020-05-13,349.9,1846352,2069950.0
2020-05-12,348.6,1681764,2107678.0
2020-05-11,344.75,1196982,2107823.0
2020-05-08,341.25,1126846,2205024.0
2020-05-07,342.0,1981441,2279541.0
2020-05-06,347.1,1511670,2301625.0
2020-05-05,340.45,1377309,2375370.0
2020-05-04,337.6,2948612,2471433.0
2020-04-30,335.45,2919888,2399447.0
2020-04-29,341.85,2556130,2414678.0
2020-04-28,352.75,2266276,2364538.0
2020-04-27,349.5,1554633,2349248.0
2020-04-24,347.45,2536556,2404620.0
2020-04-23,345.55,2614328,2417041.0
2020-04-22,344.65,2930457,2445308.0
2020-04-21,335.7,2412280,2427349.0
2020-04-20,334.5,1683940,2449955.0
2020-04-17,326.85,2654999,2569507.0
2020-04-16,320.9,2244590,2643238.0
2020-04-15,311.0,2312701,2719971.0
2020-04-14,314.95,2617844,2851268.0
2020-04-09,308.7,2818255,3241885.0
2020-04-08,312.45,1868829,3640445.0
2020-04-07,316.1,3148354,4084153.0
2020-04-06,326.3,1804023,4288739.0
2020-04-03,322.7,2036925,4663338.0
2020-04-02,322.7,2385221,4991719.0
2020-04-01,318.8,2722861,5258878.0
2020-03-31,314.05,3038336,5366213.0
2020-03-30,308.8,2661074,5503803.0
2020-03-27,296.65,2751375,5634169.0
2020-03-26,297.4,3477216,5698893.0
2020-03-25,295.35,3760970,5692800.0
2020-03-24,291.35,3395582,5664673.0
2020-03-23,278.6,4282154,5724775.0
2020-03-20,292.7,8477104,5715648.0
2020-03-19,308.05,8796646,5511266.0
2020-03-18,290.2,8524452,5164205.0
2020-03-17,299.2,6217135,4823282.0
2020-03-16,292.7,7423022,4558914.0
2020-03-13,283.1,6962626,4229839.0
2020-03-12,274.45,6392613,4074323.0
2020-03-11,297.1,4332882,3784764.0
2020-03-10,297.35,5102185,3604207.0
2020-03-09,298.75,4616564,3355811.0
2020-03-06,315.05,3722242,3109941.0
2020-03-05,330.3,3385815,2966929.0
2020-03-04,330.9,3339069,2875124.0
2020-03-03,320.9,4297116,2785914.0
2020-03-02,314.7,4145251,2645493.0
2020-02-28,309.7,5411370,2449126.0
2020-02-27,322.45,3590734,2180011.0
2020-02-26,331.15,3410606,2087546.0
2020-02-25,330.1,2251605,2086102.0
2020-02-24,334.75,2486898,2058814.0
2020-02-21,345.8,4629895,2004192.0
2020-02-20,345.65,2049223,1823984.0
2020-02-19,351.15,1624531,1855801.0
2020-02-18,345.55,1376251,1868605.0
2020-02-17,343.3,928511,1873078.0
2020-02-14,340.6,1577056,1979946.0
2020-02-13,344.75,2008741,2050833.0
2020-02-12,338.9,2000913,2045316.0
2020-02-11,340.4,2190801,2026415.0
2020-02-10,339.75,1199752,1965994.0
2020-02-07,340.0,1374644,1962315.0
2020-02-06,338.3,2203760,2067669.0
2020-02-05,339.95,3388943,2014920.0
2020-02-04,329.75,1842288,1914762.0
2020-02-03,325.2,1667574,1925816.0
2020-01-31,324.3,1926766,1905278.0
2020-01-30,327.1,2526482,1877730.0
2020-01-29,325.55,1816590,1816436.0
2020-01-28,321.75,1443346,1796377.0
2020-01-27,318.75,2531526,1779350.0
2020-01-24,323.5,2640370,1706469.0
2020-01-23,327.4,1925991,1655857.0
2020-01-22,330.4,1717392,1603238.0
2020-01-21,330.0,1284487,1572539.0
2020-01-20,328.15,1144562,1578891.0
2020-01-17,327.95,2954958,1789743.0
2020-01-16,320.95,1412530,1698432.0
2020-01-15,320.35,1886566,1735615.0
2020-01-14,318.05,2008106,1739179.0
2020-01-13,319.15,1359492,1706477.0
2020-01-10,320.4,1513548,1713852.0
2020-01-09,317.75,1607075,1714289.0
2020-01-08,316.4,1515700,1698615.0
2020-01-07,316.15,1187945,1688925.0
2020-01-06,315.75,1438313,1688784.0
2020-01-03,316.1,1881187,1657076.0
2019-12-30,314.0,1136704,1620027.0
2019-12-27,317.25,1256910,1623418.0
2019-12-23,315.5,1379766,1668973.0
2019-12-20,313.6,4307342,1679988.0
2019-12-19,307.3,1585301,1469236.0
2019-12-18,304.15,1970271,1405357.0
2019-12-17,303.75,1940027,1389183.0
2019-12-16,304.1,1517576,1405714.0
2019-12-13,300.55,1470115,1406558.0
2019-12-12,302.35,1520101,1404154.0
2019-12-11,303.2,1371964,1379597.0
2019-12-10,302.9,1370359,1411686.0
2019-12-09,303.4,1185826,1422883.0
2019-12-06,305.35,962690,1436869.0
2019-12-05,304.5,1325456,1462272.0
2019-12-04,303.2,1187570,1456216.0
2019-12-03,300.0,1940225,1454081.0
2019-12-02,303.4,1544990,1403671.0
2019-11-29,308.2,1146071,1367490.0
2019-11-28,309.0,627115,1354896.0
2019-11-27,308.1,1727662,1402371.0
2019-11-26,309.55,2187986,1386474.0
2019-11-25,305.55,1530246,1357972.0
2019-11-22,302.0,1434042,1338630.0
2019-11-21,302.85,1151745,1335133.0
2019-11-20,302.75,1853302,1360895.0
2019-11-19,301.9,1538316,1350392.0
2019-11-18,299.85,1395616,1325349.0
2019-11-15,296.05,1343734,1308408.0
2019-11-14,294.0,1234616,1321213.0
2019-11-13,297.9,1155543,1318729.0
2019-11-12,298.1,1184075,1343078.0
2019-11-11,297.95,1002276,1371311.0
2019-11-08,297.4,957159,1380258.0
2019-11-07,296.0,1339248,1427244.0
2019-11-06,295.9,1489211,1479190.0
2019-11-05,294.0,1760449,1569141.0
2019-11-04,298.4,1240120,1547569.0
2019-11-01,297.2,1381583,1576166.0
2019-10-31,296.8,1538177,1583706.0
2019-10-30,296.65,1695752,1583142.0
2019-10-29,294.6,1162679,1555235.0
2019-10-28,294.75,1141500,1592332.0
2019-10-25,294.55,1535808,1622931.0
2019-10-24,290.75,1197351,1647453.0
2019-10-23,289.0,1520786,1687976.0
2019-10-22,288.95,1607566,1779165.0
2019-10-21,289.45,1136476,1802031.0
2019-10-18,289.35,1661948,1858601.0
2019-10-17,288.4,2118444,1867199.0
2019-10-16,285.7,2838477,1859654.0
2019-10-15,290.25,1436864,1775561.0
2019-10-14,288.2,1669077,1784218.0
2019-10-11,289.3,1494683,1772862.0
2019-10-10,287.25,1529725,2026681.0
2019-10-09,286.2,1277142,2089731.0
2019-10-08,284.6,1719137,2152142.0
2019-10-07,288.75,1600487,2211008.0
2019-10-04,286.1,1903627,2206396.0
2019-10-03,282.15,1805195,2256318.0
2019-10-02,281.55,2888627,2282580.0
2019-10-01,287.9,1950548,2197681.0
2019-09-30,290.45,1985037,2260754.0
2019-09-27,288.6,1790909,2257482.0
2019-09-26,286.7,2005268,2235822.0
2019-09-25,282.5,1577086,2220338.0
2019-09-24,283.35,1566716,2190858.0
2019-09-23,282.9,1498741,2157530.0
2019-09-20,285.05,5301976,2124690.0
2019-09-19,283.0,2475464,1897550.0
2019-09-18,281.55,2213311,1824104.0
2019-09-17,279.05,2602129,1754468.0
2019-09-16,272.95,1531308,1697803.0
2019-09-13,273.3,2652449,1666255.0
2019-09-12,269.0,2199126,1554830.0
2019-09-11,270.95,1615142,1493889.0
2019-09-10,270.9,2896639,1459367.0
2019-09-09,271.75,1935969,1350572.0
2019-09-06,274.15,1466011,1302717.0
2019-09-05,271.05,1772999,1313369.0
2019-09-04,270.95,1134893,1295971.0
2019-09-03,270.95,1066787,1342196.0
2019-09-02,273.5,1006145,1397538.0
2019-08-30,270.6,1894873,1414725.0
2019-08-29,270.65,1373776,1424396.0
2019-08-28,270.4,1168773,1454159.0
2019-08-27,271.8,1752157,1503645.0
2019-08-26,270.25,1058082,1518995.0
2019-08-23,271.85,981084,1562753.0
2019-08-22,271.9,1285003,1653087.0
2019-08-21,273.8,1097318,1670275.0
2019-08-20,273.0,1264711,1678280.0
2019-08-19,274.7,1218144,1681585.0
2019-08-16,273.2,1625790,1725276.0
2019-08-15,268.95,1512023,1784837.0
2019-08-14,269.35,1828279,1789471.0
2019-08-13,274.3,1896913,1769700.0
2019-08-12,272.2,1263944,1727909.0
2019-08-09,272.1,2039944,1813104.0
2019-08-08,269.75,1820218,
2019-08-07,262.9,1911058,
2019-08-06,262.65,1982411,
2019-08-05,263.6,1714459,
2019-08-02,267.25,2336082,
2019-07-31,266.65,1542836,
2019-07-30,266.3,1217388,
2019-07-29,268.0,1314284,
2019-07-26,269.45,1873505,
2019-07-25,264.35,2519210,
2019-07-24,263.8,1581529,
2019-07-23,264.05,1531716,
2019-07-22,264.7,1270053,
2019-07-19,264.65,2541873,
